Engine Length, Engine Height, Engine Width, Body Length, Body Height, Body Width, Mass
9.2,3.5,2.8,9.0,10.0,9.6,1865.6
8.9,2.6,3.0,10.3,11.6,10.0,1989.0
6.4,3.5,3.2,9.0,11.6,11.9,2059.16
9.1,3.8,2.6,10.9,11.6,10.7,2351.988
7.4,2.2,2.9,10.4,11.7,11.9,2020.112
7.4,3.7,2.5,11.2,10.2,8.1,1709.844
8.6,2.8,3.6,10.7,8.0,10.0,1822.88
9.3,2.5,2.7,11.5,8.8,10.3,1770.11
6.2,3.9,3.6,9.8,8.3,9.3,1726.942
7.5,3.9,2.2,10.2,10.8,10.2,1867.132
9.1,3.1,3.9,10.4,10.4,9.8,2260.158
8.0,2.8,3.2,9.2,8.8,8.7,1521.152
8.1,3.3,3.0,8.4,11.0,11.5,1964.5
9.6,3.7,3.8,11.7,10.2,9.6,2595.424
8.5,2.6,3.6,11.4,11.6,10.4,2270.896
9.7,3.2,2.9,10.6,12.0,11.7,2488.4
9.0,2.2,3.2,9.9,10.5,11.4,1918.63
6.2,3.5,2.2,8.9,11.2,9.3,1504.424
9.1,2.2,2.3,10.8,8.2,10.3,1472.628
9.6,3.1,3.4,8.1,10.5,10.4,1996.36
7.9,2.8,2.7,11.9,8.1,8.1,1477.999
9.8,2.4,2.2,8.8,11.2,11.7,1770.592
5.1,2.9,2.2,9.0,8.9,10.6,1274.44
6.8,2.4,3.0,8.2,8.4,12.0,1416.16
6.0,2.7,3.5,11.4,11.7,8.7,1827.406
8.4,3.9,2.1,10.7,11.4,9.4,1934.572
6.3,3.2,2.9,8.7,9.9,9.6,1511.488
7.8,3.0,2.6,9.4,11.4,9.0,1672.84
7.8,2.0,3.5,9.3,8.2,9.1,1339.966
6.2,3.9,2.7,9.2,9.4,11.8,1773.324
8.2,3.2,3.4,9.6,9.7,10.6,1979.232
5.0,2.4,2.7,9.0,10.5,9.5,1321.75
9.4,3.1,2.8,9.6,10.8,9.7,1921.616
8.3,2.1,2.9,9.0,8.6,10.1,1387.21
7.4,3.1,3.5,11.5,10.0,9.2,1960.9
7.3,3.6,3.8,11.2,8.8,12.0,2281.36
8.2,2.2,3.5,11.9,9.6,10.7,1953.768
6.6,2.4,3.4,8.0,11.3,10.1,1551.6
5.5,2.2,3.3,11.5,9.1,11.9,1744.635
5.5,3.7,2.8,8.3,9.1,9.8,1409.994
9.0,3.7,2.3,10.1,10.6,9.4,1872.264
9.4,2.6,2.0,8.2,10.7,10.2,1483.748
9.7,3.9,3.8,8.2,11.0,10.8,2511.7
8.3,3.4,3.8,10.6,9.5,10.2,2199.5
6.0,3.2,2.0,8.6,9.3,11.2,1379.776
8.6,2.7,3.2,8.2,8.7,11.9,1691.986
6.4,2.8,3.1,9.2,9.9,9.0,1475.24
5.2,2.4,3.0,8.3,9.6,9.3,1215.424
7.1,2.2,3.8,9.9,11.4,11.9,2036.594
6.7,3.0,3.4,9.7,9.2,10.9,1756.116
9.5,3.8,3.3,9.5,11.9,10.6,2489.63
5.3,2.2,3.5,8.2,8.0,9.6,1137.86
7.6,2.9,3.0,10.3,10.7,9.7,1830.237
6.8,4.0,2.5,11.1,9.7,9.4,1792.098
5.3,3.7,3.4,11.6,9.8,10.7,1983.116
5.6,2.8,2.4,8.2,11.8,8.9,1337.484
5.7,2.4,2.8,10.2,8.6,12.0,1535.68
9.9,2.3,2.8,10.7,11.5,10.0,1968.06
9.6,2.6,3.0,10.0,10.7,8.8,1790.4
8.0,2.4,2.7,11.9,11.6,11.3,2178.252
5.2,2.3,2.5,11.1,11.4,10.3,1702.362
8.6,3.6,2.1,8.3,11.5,8.2,1532.85
6.1,2.1,2.0,11.4,9.3,8.6,1267.972
5.7,3.3,3.9,10.0,11.6,10.0,1993.59
7.9,3.4,3.6,11.0,12.0,11.0,2518.96
9.5,2.4,3.1,10.4,11.3,9.9,1970.248
9.0,2.8,3.2,11.4,11.2,10.6,2259.808
5.0,2.4,3.0,9.0,8.3,11.4,1311.58
9.7,2.6,2.8,11.2,8.2,10.6,1779.664
5.6,2.6,3.7,8.2,8.1,9.7,1282.994
7.5,3.7,3.4,10.7,8.6,11.9,2138.538
7.1,3.2,2.8,8.2,9.9,8.6,1434.308
5.2,3.2,3.3,8.4,10.2,9.4,1454.512
6.9,3.6,3.0,11.5,10.4,9.9,2029.24
8.2,2.7,2.2,10.7,10.5,11.2,1845.4
5.6,3.8,3.6,11.7,11.5,10.7,2305.765
9.1,3.0,3.6,8.8,11.1,9.8,2040.064
8.8,2.9,3.6,8.3,8.2,11.7,1815.022
7.4,3.8,3.9,10.7,10.3,8.9,2177.549
5.5,3.6,3.8,11.1,10.8,9.7,2015.236
6.5,2.2,2.9,10.3,11.7,11.7,1924.667
7.1,2.2,3.5,10.9,8.1,9.8,1511.942
8.4,2.1,3.8,11.8,10.9,8.3,1837.866
5.4,2.7,2.1,9.4,8.0,11.9,1301.06
9.1,2.1,3.8,8.8,8.8,10.7,1654.788
9.7,2.2,2.0,9.5,8.1,10.4,1327.08
9.3,2.4,2.2,9.4,11.8,8.5,1533.86
9.8,2.7,2.9,9.2,11.7,11.8,2137.492
8.2,2.4,4.0,8.4,10.3,8.6,1631.272
9.5,3.9,3.6,9.3,9.0,11.0,2354.5
6.5,2.8,2.1,8.5,8.1,8.3,1053.655
5.4,2.8,3.1,11.0,8.6,9.7,1486.34
8.2,2.2,2.9,9.5,11.8,8.2,1542.38
7.0,2.8,3.5,9.3,8.8,9.2,1538.928
7.4,3.9,3.6,9.1,10.2,10.8,2141.416
9.0,2.9,2.8,11.1,9.7,9.0,1799.83
7.3,3.9,2.3,9.8,10.5,9.9,1773.52
6.0,2.0,3.4,10.5,8.0,9.2,1280.8
8.8,3.3,3.1,8.6,10.8,9.9,1919.752
8.4,3.5,2.5,11.0,9.1,11.9,2026.19
5.6,3.8,2.1,9.0,10.1,10.3,1483.15
7.0,2.2,2.5,9.1,11.0,11.6,1646.16
8.0,2.1,3.6,9.2,9.4,10.1,1578.248
6.2,3.8,2.3,9.7,9.2,10.1,1543.204
7.9,3.3,3.1,9.6,10.5,9.6,1875.85
8.9,3.6,2.6,9.5,10.5,8.6,1790.89
8.5,2.8,3.2,8.6,10.7,9.4,1726.588
7.4,2.8,3.0,10.8,9.3,10.6,1786.264
5.3,2.6,3.5,8.2,10.5,8.1,1279.71
7.4,3.8,2.0,10.1,8.3,11.5,1626.445
8.4,3.5,3.3,8.0,8.2,10.5,1759.0
10.0,3.7,3.4,10.9,8.9,11.0,2425.11
6.4,2.2,2.9,9.3,8.7,9.7,1293.147
9.5,2.9,2.9,10.8,10.1,8.5,1826.13
9.6,2.9,3.6,9.6,11.2,9.6,2134.432
6.1,2.4,3.9,10.3,8.2,9.6,1481.776
6.2,2.2,2.4,8.2,10.6,8.7,1183.564
8.1,3.2,3.4,10.0,9.1,11.5,2027.78
6.8,2.9,3.3,10.1,11.8,11.8,2157.084
9.6,3.9,3.2,10.0,10.8,8.9,2259.28
6.3,2.1,2.3,8.0,10.6,8.6,1133.57
8.9,3.4,3.9,9.6,11.7,9.8,2380.876
6.7,2.2,3.8,11.2,9.3,9.8,1680.888
6.6,2.1,2.1,9.5,8.8,10.1,1235.42
5.9,2.4,3.3,10.9,9.2,11.4,1710.472
6.3,2.7,3.4,8.2,11.7,8.3,1474.642
7.3,3.4,2.1,11.2,11.9,9.8,1927.364
5.6,2.2,2.2,11.1,9.7,11.7,1630.779
7.2,2.2,2.9,11.0,11.3,8.2,1578.62
5.9,3.0,2.3,11.5,11.7,9.3,1758.415
7.2,3.1,2.6,10.2,8.8,9.2,1506.112
7.2,3.2,3.1,9.0,8.9,8.5,1495.09
8.9,2.2,3.5,9.0,9.1,10.9,1678.01
8.3,3.5,3.0,11.4,8.5,10.6,1998.64
5.6,3.5,2.7,10.7,10.8,10.6,1854.136
6.1,3.7,2.5,10.1,10.7,8.9,1626.073
8.1,2.6,2.3,11.2,10.2,9.3,1646.812
7.9,2.1,2.3,9.6,11.9,10.0,1623.97
5.4,3.5,3.6,11.1,10.3,10.8,2015.164
6.1,3.5,3.6,11.0,9.4,10.4,1943.96
8.1,3.8,2.2,11.3,10.1,9.4,1849.982
7.3,2.0,2.4,10.6,10.6,10.0,1574.0
9.8,3.0,2.6,11.4,9.0,10.4,1931.44
8.5,3.6,3.6,9.5,8.2,8.2,1840.38
8.6,3.9,2.7,9.8,10.9,10.6,2137.872
6.3,3.3,2.6,9.4,10.2,10.9,1685.632
5.8,2.0,3.3,8.1,8.2,8.9,1073.938
8.3,2.1,2.1,11.9,9.7,11.6,1805.018
6.1,2.9,2.7,8.7,9.3,11.9,1540.459
8.7,2.8,2.8,9.1,10.1,10.9,1783.899
8.4,2.9,2.1,11.7,9.6,9.6,1689.832
5.0,2.3,3.7,10.1,10.9,8.6,1472.274
6.7,3.7,3.6,9.0,8.1,11.2,1808.92
5.8,3.6,3.4,8.7,8.3,11.7,1654.777
8.0,3.2,2.9,8.6,10.4,9.0,1647.36
9.0,3.5,2.1,11.7,8.1,8.4,1557.568
6.5,2.3,2.5,9.4,10.9,9.6,1457.366
6.3,3.0,2.8,9.2,11.6,10.2,1717.744
9.9,3.5,3.1,9.0,10.7,9.8,2117.89
8.6,2.8,3.0,8.1,11.0,8.1,1544.11
8.4,3.2,3.6,9.2,10.7,8.8,1933.952
7.6,2.7,4.0,11.9,8.8,10.3,1999.416
6.6,3.9,3.8,10.3,10.9,10.7,2279.409
6.8,3.8,3.8,9.3,11.0,8.0,1900.32
9.1,3.1,3.9,9.5,10.5,9.3,2127.865
8.9,3.2,4.0,8.0,8.6,8.2,1803.36
5.6,3.9,3.9,9.9,11.8,11.3,2271.826
8.9,3.5,2.4,10.2,9.7,11.8,2015.092
5.9,2.3,3.3,8.6,8.4,10.0,1270.21
9.0,3.2,3.5,9.1,9.1,9.7,1911.257
10.0,3.4,3.9,10.2,10.2,12.0,2674.48
5.9,3.6,3.6,11.4,11.0,8.6,1943.08
8.3,3.8,3.1,9.4,11.8,10.2,2209.124
7.1,3.2,3.6,8.9,8.1,10.1,1646.029
9.7,3.4,3.3,10.5,10.0,10.9,2332.84
6.2,3.8,2.5,11.8,11.7,8.3,1834.898
7.2,3.5,2.9,10.0,11.2,10.8,2040.4
9.8,2.3,3.8,11.7,10.5,11.8,2406.15
6.3,3.8,3.5,10.4,8.4,8.1,1645.516
5.1,2.5,3.5,9.5,11.1,10.5,1653.475
6.9,3.8,2.1,9.9,11.3,8.5,1601.515
8.6,2.7,2.0,9.9,10.1,8.2,1384.318
7.8,2.7,2.0,8.8,8.4,10.2,1275.184
5.2,3.9,3.7,11.8,9.3,11.6,2123.344
9.9,3.5,2.6,10.7,10.4,9.6,2069.188
6.5,2.1,2.3,8.5,9.9,10.6,1305.94
8.8,2.1,3.6,8.2,10.2,11.0,1685.32
8.2,3.9,2.7,10.3,8.3,10.2,1835.458
9.1,2.4,2.5,10.8,9.0,9.0,1520.8
9.7,4.0,2.3,11.6,10.2,8.2,1962.624
7.9,3.3,2.1,11.0,11.3,8.3,1679.16
8.2,2.9,2.5,9.8,8.6,9.3,1478.304
8.3,3.0,3.1,10.2,11.3,9.4,1955.344
9.1,2.2,2.9,9.4,9.8,11.3,1721.536
7.6,4.0,3.7,8.5,9.3,8.1,1865.105
8.7,2.0,3.8,8.8,9.7,8.2,1461.152
6.6,2.8,2.1,11.1,10.8,9.4,1614.952
9.2,2.2,2.1,9.4,11.6,11.0,1724.48
8.4,3.1,3.6,9.6,8.1,11.2,1908.352
6.0,2.8,2.7,8.5,9.4,8.7,1248.73
8.1,3.3,2.0,9.8,10.2,11.5,1784.14
7.5,2.2,2.1,11.4,11.2,11.4,1902.052
6.3,3.3,2.2,11.3,9.3,11.8,1797.442
7.4,2.1,3.8,10.5,9.1,8.1,1464.475
6.9,2.3,3.1,8.6,8.7,11.7,1467.364
8.2,2.5,3.8,10.5,11.8,9.9,2105.61
9.4,3.4,2.1,9.0,9.1,8.7,1483.69
6.2,2.5,3.8,9.9,11.5,8.6,1668.11
7.8,2.0,3.9,8.0,9.6,11.2,1568.56
10.0,2.0,3.6,10.0,8.2,11.1,1730.2
5.6,3.2,3.6,10.7,9.5,8.1,1568.485
7.2,3.8,2.7,9.0,8.6,10.0,1612.72
7.7,2.1,2.8,10.6,11.9,9.7,1776.318
7.2,2.9,2.5,9.6,10.6,9.6,1598.896
7.9,3.7,4.0,11.5,9.5,8.1,2154.125
8.1,2.9,2.5,8.2,9.3,11.2,1541.362
9.8,2.2,3.8,8.2,10.9,8.1,1643.258
7.1,3.7,2.8,11.7,10.9,10.4,2161.872
5.8,2.7,2.8,10.4,12.0,9.1,1674.16
7.5,3.9,2.7,10.5,11.1,10.5,2113.525
8.8,2.4,3.9,8.7,10.3,9.2,1748.092
8.2,2.6,2.9,10.7,9.1,10.9,1779.613
6.7,2.3,3.2,8.7,9.7,9.6,1403.264
5.4,3.4,3.4,11.1,10.2,10.2,1879.084
5.8,2.4,2.5,10.1,11.3,9.4,1520.822
9.4,3.5,3.4,9.3,8.5,11.9,2159.295
9.3,2.8,3.7,11.6,9.4,10.0,2153.88
6.7,3.4,3.8,11.9,11.0,9.2,2169.92
9.4,4.0,2.7,11.8,10.0,11.9,2519.4
10.0,3.6,3.4,8.6,8.0,10.4,2039.52
8.5,3.9,3.0,10.8,10.6,8.8,2101.924
8.2,4.0,2.2,10.8,10.5,9.5,1898.9
9.0,2.0,3.8,11.3,9.9,8.4,1723.708
7.3,3.2,2.5,9.9,11.1,11.7,1969.713
7.8,3.7,2.2,11.4,11.7,8.7,1895.326
9.1,3.7,3.8,10.1,10.4,8.8,2303.812
8.5,2.8,2.0,8.5,9.6,11.5,1514.4
7.8,3.8,3.9,8.3,10.4,9.3,2058.736
7.5,2.9,3.0,8.4,11.3,10.0,1701.7
8.2,2.9,2.4,10.2,8.6,11.4,1670.728
9.2,2.3,2.1,8.3,9.6,11.8,1484.584
7.8,2.5,2.5,8.4,8.6,11.2,1396.588
5.7,3.7,3.6,8.5,10.2,8.0,1552.84
9.3,3.1,3.5,10.0,10.8,11.7,2372.65
7.8,3.7,2.7,8.4,8.0,8.9,1477.3
9.2,2.6,2.4,10.0,11.8,10.0,1854.08
6.7,2.2,3.1,8.9,9.5,9.5,1360.165
8.8,2.5,3.9,11.0,9.9,11.5,2210.35
6.8,2.8,2.3,11.1,9.6,10.0,1603.52
7.4,3.3,2.7,11.7,9.7,9.4,1826.146
7.0,3.5,4.0,11.5,9.9,9.2,2127.42
7.2,2.7,2.5,8.7,11.8,10.0,1612.6
5.5,2.8,2.8,10.1,11.9,11.9,1961.461
7.8,3.2,3.4,10.0,9.9,9.3,1869.34
8.4,2.2,2.6,11.6,8.9,11.9,1809.036
9.9,3.2,2.1,8.4,8.8,9.3,1452.736
5.6,3.6,2.7,8.9,8.2,9.5,1337.63
5.0,2.2,3.2,11.7,8.8,11.0,1584.56
6.0,2.0,3.8,11.4,8.3,8.7,1379.194
6.2,3.9,2.8,11.2,9.7,9.5,1809.12
8.8,3.2,2.5,10.3,10.8,11.3,2061.012
8.4,3.3,3.2,8.4,11.8,10.9,2067.448
6.4,3.4,3.2,10.6,9.5,10.3,1833.53
8.3,2.4,3.0,8.5,8.4,11.6,1525.84
5.6,3.8,2.9,9.8,9.4,9.7,1610.684
6.9,3.1,2.7,11.3,8.9,9.0,1582.66
7.4,3.9,2.0,10.9,8.0,9.6,1514.32
8.8,2.9,2.9,9.0,9.9,8.9,1633.07
6.4,3.3,3.2,11.7,11.9,10.1,2182.063
5.4,2.6,3.0,10.7,11.8,8.6,1607.036
5.2,3.7,3.6,11.1,9.9,10.7,1968.463
7.1,2.4,2.8,11.1,11.2,11.8,2044.096
9.4,3.4,3.0,10.9,8.7,11.7,2168.311
8.6,3.2,2.9,10.5,10.5,11.6,2176.98
7.9,2.4,2.9,9.0,11.6,11.4,1840.0
7.8,2.4,2.1,8.5,9.8,10.7,1384.43
6.1,3.4,3.7,11.0,9.7,10.6,1998.4
9.9,3.8,2.7,10.7,8.7,10.2,2065.258
6.8,2.9,2.9,10.7,11.4,9.9,1879.482
5.7,3.5,3.5,11.8,9.6,9.9,1919.722
7.7,3.8,3.4,8.1,8.8,11.4,1907.432
7.9,3.7,2.8,8.8,8.0,12.0,1763.24
5.7,3.3,3.0,9.5,10.1,8.3,1460.685
9.9,3.0,2.0,9.7,11.0,9.2,1675.64
8.7,3.5,2.5,11.9,8.1,11.5,1969.735
7.6,2.3,2.5,10.4,9.1,11.4,1615.896
6.1,2.8,3.0,9.4,11.3,9.1,1579.002
5.4,2.3,3.3,10.3,8.3,12.0,1535.74
7.4,2.6,3.5,8.1,9.7,10.7,1614.099
9.8,3.5,3.8,8.5,9.7,8.1,2071.245
6.4,2.8,2.7,9.5,11.2,8.8,1520.16
9.1,3.1,2.7,10.2,8.6,10.0,1738.87
5.1,3.7,2.7,9.4,12.0,10.5,1793.89
7.1,3.6,2.1,10.3,10.1,11.4,1822.702
7.9,3.0,3.0,11.1,9.4,10.2,1875.268
8.5,4.0,3.4,11.8,9.6,10.4,2434.112
8.7,2.7,2.5,11.9,9.4,12.0,2029.57
9.3,2.4,3.7,11.9,9.1,10.7,2084.543
8.8,2.2,3.6,9.2,10.8,11.8,1969.408
5.2,3.2,2.6,8.5,10.8,11.9,1625.06
7.6,2.7,2.9,9.7,10.1,9.6,1635.592
5.4,4.0,4.0,8.7,9.0,9.7,1723.51
8.5,2.1,3.7,10.6,9.1,11.5,1869.74
8.3,2.6,3.1,11.9,8.2,10.8,1822.844
9.2,3.4,2.3,10.4,11.1,9.7,1939.208
7.9,2.5,2.6,11.2,10.0,9.8,1711.1
5.6,2.7,3.0,8.9,11.2,9.5,1500.56
6.2,2.6,3.6,11.6,11.8,8.1,1789.048
8.8,3.1,2.2,9.0,9.1,9.6,1486.4
7.4,3.9,2.1,10.8,11.4,9.4,1863.388
6.2,2.4,2.6,8.6,10.2,9.0,1276.36
5.1,2.5,3.6,9.7,11.5,11.8,1875.29
6.2,3.1,3.8,10.3,8.7,9.0,1636.85
9.9,2.6,3.7,11.2,11.0,10.9,2395.26
8.9,3.7,2.1,8.7,10.0,8.8,1557.13
7.7,3.0,2.3,8.3,8.0,11.3,1381.62
5.4,3.9,4.0,11.0,9.8,9.1,1923.38
7.1,2.7,2.8,10.9,11.6,8.6,1724.144
6.2,2.4,2.1,11.4,10.0,8.3,1358.68
7.2,2.9,3.6,11.0,8.5,10.5,1833.43
7.5,2.0,2.3,10.7,9.5,11.9,1654.635
7.5,3.4,2.3,9.9,10.9,11.3,1905.883
6.0,2.8,2.9,9.8,9.9,9.2,1479.784
9.0,3.8,2.7,10.6,9.5,10.3,2060.61
8.5,3.0,3.3,11.0,11.4,8.8,2045.02
6.1,3.0,3.0,11.2,10.1,11.6,1961.192
8.9,3.0,3.7,9.9,9.4,9.7,1990.582
7.3,3.3,2.1,10.9,11.9,9.8,1877.048
5.3,2.4,2.2,9.0,11.2,8.0,1186.24
9.4,3.9,2.4,8.7,11.9,9.4,1953.022
9.1,2.0,4.0,8.1,10.4,11.7,1813.608
9.2,2.6,3.6,9.6,10.0,9.5,1873.12
6.8,3.2,3.6,10.8,11.1,8.1,1854.388
7.7,2.7,2.4,11.7,8.8,8.7,1494.712
5.9,3.3,3.2,10.0,10.3,11.8,1938.44
9.3,3.8,2.1,11.6,8.1,10.6,1838.116
9.7,3.0,2.8,9.3,11.7,11.7,2187.877
8.1,3.4,2.7,8.6,11.9,10.6,1928.384
6.4,4.0,3.2,9.3,11.6,8.3,1814.604
9.0,2.3,2.2,9.0,10.9,10.4,1575.64
7.1,2.3,3.8,11.1,10.7,11.3,2062.641
8.9,2.2,3.5,11.4,11.0,9.9,2026.76
8.4,2.2,3.5,9.0,11.1,10.5,1795.75
7.5,3.1,2.1,8.2,8.1,11.1,1325.512
5.7,2.2,2.8,11.9,11.5,9.3,1723.825
9.1,2.2,2.8,10.3,11.9,8.2,1665.634
7.1,3.8,2.1,10.4,9.6,10.2,1684.948
8.5,2.8,3.8,11.8,11.9,8.2,2155.844
9.2,3.8,2.3,11.8,8.5,8.8,1786.72
9.8,3.7,3.2,9.2,9.0,9.6,2055.2
5.0,3.3,2.1,11.1,8.3,8.0,1183.54
6.4,3.5,3.7,10.0,11.8,8.5,1931.8
6.7,3.5,2.6,8.6,10.3,8.3,1444.914
6.9,2.5,2.7,9.9,10.1,8.3,1395.667
6.6,2.8,2.8,9.9,9.7,8.3,1414.489
6.1,3.3,3.7,10.0,8.6,8.3,1558.61
5.8,2.8,3.1,10.7,10.1,10.3,1716.561
6.8,3.3,3.5,9.6,11.3,11.0,2078.68
9.5,2.9,2.7,11.1,8.2,9.5,1708.54
9.9,2.7,3.0,9.0,8.3,8.4,1529.38
7.2,3.2,3.1,10.1,8.4,8.2,1509.928
6.8,3.9,2.4,9.1,9.9,11.7,1790.533
9.7,2.0,3.3,8.9,10.6,11.0,1777.94
9.4,3.4,3.7,11.1,8.6,8.2,2065.292
8.7,3.1,4.0,8.7,9.5,9.2,1939.18
9.4,3.0,3.8,10.8,12.0,10.4,2519.44
9.9,2.3,2.9,10.3,11.9,10.3,2022.801
9.3,3.3,3.0,9.6,9.5,9.2,1859.74
6.1,3.9,3.1,11.5,11.5,11.8,2398.04
6.2,2.7,3.3,9.3,8.6,11.0,1532.2
7.8,3.1,3.4,8.5,11.7,9.9,1906.675
8.5,3.2,3.2,10.8,8.4,10.0,1877.6
6.1,2.8,3.0,9.4,9.6,10.9,1596.016
5.2,3.9,3.2,8.7,10.2,8.3,1485.502
7.5,3.4,2.8,9.3,10.7,11.7,1978.267
9.4,2.8,3.7,8.5,8.2,11.9,1903.27
8.8,3.2,3.1,9.2,11.6,11.4,2189.568
7.4,2.4,3.4,10.9,12.0,11.2,2168.8
5.5,4.0,3.7,10.3,9.3,10.9,1958.111
8.0,2.2,3.1,8.1,11.2,11.3,1670.736
8.7,2.2,3.2,9.6,8.5,11.6,1659.04
9.7,3.8,3.1,11.5,8.8,9.2,2173.7
9.5,3.2,2.5,8.5,8.9,10.0,1616.5
6.5,3.5,2.5,8.3,11.6,10.7,1698.946
9.9,2.4,3.7,8.1,10.2,9.9,1797.058
5.6,3.6,2.5,11.6,10.8,11.4,2032.192
9.3,3.6,3.5,8.0,8.6,8.8,1877.24
7.9,2.0,2.3,9.9,8.2,9.3,1218.374
6.1,2.3,2.6,11.5,8.9,10.6,1549.69
8.7,3.4,2.4,9.4,9.1,10.2,1682.428
9.8,2.4,3.1,8.3,9.5,11.8,1759.55
9.5,2.2,3.7,10.9,11.7,9.8,2123.094
7.1,3.8,3.1,11.0,8.7,8.3,1730.69
7.2,2.7,3.0,9.4,11.5,10.9,1861.49
6.9,2.3,3.4,10.2,8.6,8.1,1350.112
8.1,3.0,3.2,9.7,9.9,9.6,1799.488
5.4,3.1,2.2,10.7,11.0,8.7,1492.27
6.0,2.5,3.2,9.6,11.6,10.2,1715.872
7.6,2.4,2.2,11.7,8.4,8.5,1336.66
6.0,3.2,3.3,9.7,9.6,10.6,1720.672
6.3,3.6,3.3,10.4,8.1,9.4,1640.296
8.8,2.4,3.3,11.9,9.8,10.1,1974.822
6.1,2.0,2.5,9.9,10.4,11.3,1568.448
6.5,2.7,3.4,10.7,10.9,11.5,2037.945
5.4,2.2,3.0,10.5,10.6,8.9,1446.97
5.7,3.8,2.5,8.1,9.1,10.1,1385.971
8.2,3.5,2.3,10.0,9.3,10.9,1773.8
6.8,3.6,2.4,12.0,10.1,9.7,1863.16
8.6,2.8,2.1,9.8,9.2,10.6,1561.376
7.6,3.7,3.0,8.6,8.6,10.3,1705.388
6.3,2.4,3.9,8.6,11.7,10.1,1705.942
9.7,3.7,2.6,9.9,8.3,9.5,1813.755
9.6,2.2,2.5,8.2,11.4,10.7,1628.236
7.9,2.9,2.5,10.3,10.8,11.2,1918.638
5.8,3.3,3.4,10.3,10.9,10.1,1884.687
9.8,3.3,3.3,8.1,8.6,10.4,1891.684
8.8,2.3,3.3,8.6,11.1,11.3,1846.618
8.1,2.1,2.6,9.1,9.9,11.1,1542.259
7.9,4.0,3.4,8.6,11.9,8.2,2013.588
6.7,3.3,2.8,8.1,9.2,9.0,1389.76
8.9,3.2,2.3,11.5,8.9,9.3,1706.895
9.4,3.5,2.8,10.1,11.9,10.8,2319.252
8.6,3.3,4.0,11.7,9.2,9.8,2290.072
8.2,2.5,3.3,11.6,9.2,9.5,1790.34
7.2,2.8,3.3,8.2,11.1,9.1,1593.562
8.1,2.8,3.2,10.3,10.1,8.6,1720.418
5.0,2.2,2.8,9.0,9.9,9.9,1290.09
7.6,2.3,3.0,11.8,8.7,8.1,1455.946
6.7,3.4,3.7,8.4,8.1,9.2,1568.828
8.1,3.8,2.7,11.1,8.5,10.6,1931.17
6.2,3.5,3.8,9.8,10.7,9.4,1910.284
9.2,2.8,3.2,11.9,10.2,9.8,2113.844
5.5,3.9,3.0,10.8,10.6,8.9,1762.372
8.2,2.2,2.1,11.4,10.4,9.2,1569.592
7.6,3.1,3.4,8.0,8.6,8.4,1478.96
8.8,2.9,2.4,9.5,10.7,9.8,1708.65
7.7,3.9,2.8,8.4,8.4,10.9,1709.944
6.6,2.2,3.6,11.6,8.4,10.5,1645.84
8.7,2.5,3.7,10.7,9.8,8.7,1817.032
6.3,3.7,2.3,10.8,10.3,10.2,1770.778
5.1,2.2,2.6,10.5,9.5,9.0,1289.47
6.9,2.9,3.2,10.2,9.5,9.7,1680.25
9.0,3.2,3.9,10.4,9.1,10.1,2179.064
7.4,3.7,3.5,11.5,10.9,9.0,2186.45
6.4,2.3,3.8,11.6,9.3,8.1,1533.188
7.4,3.6,3.4,10.7,8.1,8.4,1733.788
8.6,3.6,2.4,11.3,11.8,10.4,2229.776
7.8,2.1,2.8,9.9,11.8,9.8,1703.476
5.1,3.1,2.1,12.0,10.6,10.9,1818.49
8.5,3.9,2.8,9.1,8.3,8.1,1639.993
7.4,3.5,3.5,8.0,10.5,11.3,1955.7
9.3,3.5,2.8,10.8,10.8,8.3,1979.512
5.2,2.7,3.3,9.5,10.6,11.0,1671.02
8.9,2.6,3.9,10.2,10.5,10.5,2127.01
8.4,2.3,3.3,9.7,11.9,10.9,1995.747
9.9,4.0,3.7,10.3,10.4,9.9,2625.688
6.8,2.8,3.8,10.6,8.7,8.1,1570.502
7.2,2.9,2.1,8.9,9.3,9.5,1324.795
8.1,2.3,3.6,10.0,8.3,8.4,1467.88
9.7,2.1,3.3,8.7,10.6,12.0,1878.85
9.6,2.9,2.9,9.2,9.8,11.8,1971.248
5.2,3.0,3.8,8.4,8.5,11.3,1499.62
6.4,3.6,2.6,8.1,11.3,9.3,1550.269
7.3,2.1,3.3,11.3,8.9,11.7,1782.559
8.2,3.1,2.4,11.5,9.7,8.2,1624.79
9.6,2.7,2.6,8.2,8.1,8.2,1318.564
9.4,3.7,2.9,8.3,8.6,11.8,1950.904
7.8,3.6,2.2,8.3,11.1,8.5,1500.865
9.1,3.9,2.9,8.5,10.9,9.8,2037.18
7.5,3.8,3.1,8.6,9.5,11.4,1914.88
7.6,2.2,3.0,8.1,11.5,9.0,1439.95
8.6,4.0,3.8,10.1,9.3,10.8,2421.644
7.7,3.8,2.5,10.8,8.6,9.6,1723.148
8.9,2.7,2.6,9.4,9.5,8.0,1439.18
5.7,3.5,3.4,10.6,8.5,8.5,1544.15
7.4,3.0,2.3,11.9,11.3,11.5,2157.005
5.9,3.3,3.6,9.3,11.9,8.4,1730.548
9.0,2.3,2.5,8.8,8.5,10.7,1417.86
6.2,3.6,3.5,11.8,11.1,12.0,2452.96
7.8,2.1,2.7,9.6,11.9,9.7,1650.388
6.4,3.6,3.8,8.2,11.9,10.9,2039.142
10.0,3.3,2.0,10.7,8.9,12.0,1902.76
9.7,3.7,3.4,9.0,11.7,11.3,2510.15
8.2,2.3,2.4,10.3,10.4,9.6,1580.992
9.1,3.4,2.5,8.1,10.4,9.3,1656.932
9.4,2.5,3.1,8.8,11.9,10.6,1938.532
8.8,3.8,2.9,10.2,9.8,10.5,2119.34
6.7,3.6,2.7,11.1,8.1,9.5,1605.385
7.4,3.8,3.4,10.9,10.5,11.6,2383.7
8.6,3.3,3.8,11.1,8.1,11.5,2212.405
5.9,3.5,2.8,9.6,8.6,9.7,1479.032
10.0,3.7,3.5,10.6,8.9,8.3,2178.022
9.7,3.8,2.0,11.6,11.0,8.4,1909.04
5.8,2.4,2.5,11.6,9.7,10.2,1595.704
7.1,2.9,2.5,9.3,9.0,9.1,1376.42
8.0,2.0,3.9,10.1,10.0,9.7,1703.7
8.7,3.5,3.4,11.9,9.7,8.3,2093.369
9.0,3.4,2.1,10.0,11.2,11.8,2064.2
6.7,2.9,2.9,11.0,10.8,9.9,1839.59
5.9,3.2,2.0,9.4,9.2,8.3,1195.384
5.5,3.6,2.9,8.5,11.7,9.3,1599.085
7.2,3.4,2.3,11.1,11.4,10.0,1928.44
8.5,3.4,4.0,11.1,9.4,10.0,2299.4
7.0,3.1,3.8,8.4,11.6,10.0,1899.0
5.7,3.9,2.4,8.1,9.9,10.3,1459.477
5.3,3.3,3.1,10.3,8.3,9.4,1445.796
5.7,2.9,2.7,9.3,11.5,10.5,1669.285
5.6,3.3,4.0,9.5,11.1,10.6,1956.97
7.4,2.8,2.4,9.7,9.1,9.9,1471.153
8.3,3.8,2.3,11.2,11.0,10.5,2119.02
6.0,2.1,2.3,9.3,9.2,11.2,1348.072
6.7,2.3,4.0,10.8,11.2,10.0,1926.0
5.5,3.2,2.9,9.3,8.3,9.3,1328.267
6.4,2.7,3.4,8.5,9.5,11.0,1575.77
6.5,3.7,3.7,8.8,10.6,10.6,1978.618
5.8,3.1,3.0,9.0,10.9,11.6,1777.36
9.5,2.2,2.8,8.4,9.9,10.7,1575.012
8.5,2.1,2.2,10.5,11.3,10.4,1726.66
5.5,2.2,3.2,8.9,11.0,9.2,1387.88
9.1,3.8,3.1,10.8,11.1,10.5,2430.72
8.2,2.8,3.8,8.7,8.6,10.9,1788.018
6.1,3.0,3.8,9.4,10.9,11.5,1973.69
8.3,2.2,3.0,11.2,12.0,9.8,1964.92
5.3,2.7,3.0,11.7,8.3,11.7,1665.487
7.2,2.2,3.5,8.5,8.5,8.9,1297.425
7.7,3.3,3.7,10.4,10.5,9.9,2121.25
7.5,3.3,2.5,9.2,10.5,10.5,1733.05
5.9,2.4,3.1,11.3,9.2,8.7,1443.412
5.2,3.1,3.1,10.5,10.2,10.6,1734.98
9.4,2.6,3.6,8.9,9.3,10.0,1807.54
7.6,3.5,2.1,11.0,11.2,8.0,1644.2
7.8,2.0,2.3,11.5,8.2,11.6,1552.68
8.3,3.5,3.4,11.0,10.9,11.6,2478.54
6.8,2.8,3.3,10.1,10.7,9.5,1754.985
7.1,2.8,2.1,10.9,10.3,11.5,1808.585
8.7,2.8,3.6,8.3,10.5,11.7,1996.615
9.5,2.6,2.6,9.2,11.5,9.4,1736.72
7.1,2.7,2.5,11.5,9.8,10.1,1717.52
7.0,2.7,2.8,11.6,9.1,10.8,1769.248
6.1,3.8,2.9,9.2,9.7,11.0,1753.86
9.3,3.6,2.3,11.9,9.9,11.8,2260.198
5.9,3.9,2.4,11.5,9.1,11.4,1845.25
5.8,3.7,3.3,8.5,11.7,9.7,1772.845
5.9,3.7,2.1,8.2,10.9,8.4,1309.222
8.7,2.2,3.9,8.5,10.3,10.6,1774.49
6.8,2.2,3.0,9.3,11.6,8.8,1498.144
6.1,3.2,2.9,9.1,8.6,11.4,1558.244
5.5,3.8,3.9,8.5,11.7,9.1,1820.095
9.0,2.6,2.9,10.8,10.2,11.0,1990.36
7.0,2.1,2.7,11.5,11.2,11.7,2003.86
7.9,2.7,3.0,10.0,9.0,11.5,1774.9
5.3,2.7,4.0,10.2,11.8,8.0,1635.28
9.1,3.3,3.7,10.9,12.0,9.4,2440.63
8.7,3.7,3.4,11.2,11.3,9.1,2346.156
6.4,2.8,2.0,11.6,11.2,8.5,1562.72
9.1,2.7,3.2,10.0,9.8,10.4,1905.44
9.5,2.8,2.1,11.4,11.8,11.2,2165.224
5.8,2.8,3.5,11.5,11.5,11.7,2215.725
8.2,2.3,2.8,11.8,8.5,11.7,1801.59
6.8,3.2,3.6,8.4,8.4,9.9,1581.904
9.5,3.9,3.3,8.8,11.2,9.5,2258.97
6.3,3.2,2.9,10.1,11.9,8.2,1670.198
9.4,2.9,3.7,11.5,10.9,9.9,2349.585
7.6,3.2,2.8,10.9,11.4,9.3,1936.578
9.8,3.1,2.6,8.7,10.9,9.1,1752.833
9.0,3.9,2.7,9.5,9.2,9.0,1834.3
10.0,3.7,3.7,8.1,11.8,11.3,2549.054
9.1,3.9,2.8,8.3,10.3,10.1,1957.169
6.1,3.5,4.0,10.9,11.2,11.1,2309.088
9.1,2.3,3.2,10.4,11.5,9.8,1941.84
6.3,3.1,3.0,8.1,8.2,8.8,1270.396
7.5,3.3,3.0,10.3,12.0,8.4,1880.74
6.9,3.1,3.6,11.5,10.5,10.6,2149.99
9.5,3.6,3.2,8.0,9.7,8.3,1838.48
9.8,3.7,2.7,8.4,10.3,9.4,1892.308
8.6,3.7,3.2,11.3,8.0,8.9,1922.8
7.2,2.9,3.6,8.7,10.3,10.2,1765.702
8.2,2.0,2.1,8.4,9.6,10.4,1283.056
8.7,3.3,2.2,11.5,9.6,11.3,1979.14
5.9,2.8,3.3,10.5,10.1,11.7,1885.945
9.1,3.2,3.4,9.7,10.1,10.5,2118.765
9.2,2.4,2.9,8.7,8.8,8.1,1360.456
5.6,3.5,2.7,9.2,8.6,10.3,1444.136
7.1,2.1,2.8,11.2,11.0,11.9,1983.56
9.3,3.0,3.6,11.1,9.6,9.5,2116.72
7.8,2.9,3.2,11.3,11.7,10.6,2225.266
7.6,2.4,2.8,8.9,10.9,10.2,1600.222
5.8,2.3,2.1,8.5,10.5,10.6,1326.19
7.6,3.6,3.1,9.0,11.1,9.5,1897.21
5.2,2.4,2.9,10.5,11.1,11.4,1790.59
8.9,3.5,3.2,8.8,10.7,10.8,2113.728
6.3,2.7,2.6,12.0,10.8,9.4,1760.5
6.0,2.7,2.5,11.3,8.8,9.5,1449.68
7.7,2.5,2.3,11.8,11.6,8.1,1651.478
7.7,2.1,2.9,8.4,11.2,8.8,1396.834
6.5,2.2,3.9,10.0,9.7,10.2,1647.1
5.9,3.6,2.6,11.4,11.0,9.2,1805.92
7.4,2.6,3.9,11.4,10.2,10.8,2106.184
5.4,3.6,2.7,9.1,9.3,11.6,1606.588
5.5,4.0,2.9,10.5,10.0,8.3,1609.5
8.8,2.8,3.0,11.3,9.2,8.6,1733.256
5.2,3.4,2.1,10.4,8.3,8.5,1205.0
7.0,2.6,2.2,11.8,11.8,11.9,2157.356
9.9,3.8,3.1,9.6,11.0,10.1,2332.78
6.1,3.6,2.3,10.6,11.8,10.1,1868.388
5.7,2.7,3.0,9.7,8.6,10.4,1429.268
9.4,3.9,2.4,10.6,8.1,8.6,1718.236
7.6,3.2,2.5,10.9,11.6,11.9,2212.636
5.5,3.4,3.0,10.8,11.7,9.1,1810.876
9.4,2.2,2.1,11.7,9.0,10.8,1671.52
6.1,3.2,2.7,10.9,11.0,11.6,2017.88
9.0,2.9,2.3,10.7,9.8,10.8,1832.788
9.9,2.7,2.9,9.4,9.3,9.0,1661.95
6.8,2.7,2.7,11.8,9.5,8.1,1503.73
9.8,3.2,2.6,11.2,8.1,11.4,1949.568
5.6,2.0,2.3,11.3,8.2,11.7,1441.722
6.5,2.4,3.3,9.0,10.3,11.1,1643.77
8.3,2.6,3.3,10.5,8.1,9.8,1645.63
8.2,2.8,2.3,11.7,8.0,11.5,1704.48
5.8,4.0,3.8,8.4,11.1,10.7,1979.268
9.3,3.0,2.6,11.2,10.9,10.1,2058.408
9.9,3.5,3.0,11.7,10.0,11.4,2473.3
5.2,2.3,2.4,8.9,8.6,8.2,1014.668
7.8,3.2,3.5,10.5,9.8,9.8,1982.02
5.1,3.2,3.3,10.5,11.8,10.8,1976.68
6.1,3.2,3.1,10.7,10.4,11.0,1929.2
7.3,3.1,3.9,9.1,10.6,11.0,2043.63
9.1,3.1,3.9,11.9,10.1,9.8,2378.052
5.5,3.2,2.6,10.8,10.9,11.5,1911.38
8.7,3.6,3.7,12.0,9.3,10.4,2419.48
7.8,3.1,3.3,11.7,8.1,9.2,1769.824
7.3,3.0,3.8,10.0,8.9,11.4,1946.8
7.6,3.6,2.5,11.8,9.6,9.8,1894.144
7.4,2.7,3.5,10.3,10.4,10.4,1913.348
6.5,2.7,2.2,9.5,9.0,9.4,1289.8
8.1,3.4,3.5,8.9,8.7,11.9,1985.317
7.3,3.0,2.2,10.7,8.7,8.2,1345.138
6.3,3.9,2.7,8.2,10.7,8.7,1526.728
6.4,3.0,3.1,9.2,11.7,11.0,1879.24
8.1,2.2,3.6,11.3,11.2,11.3,2171.648
5.9,3.8,2.6,9.1,8.0,8.6,1309.0
6.7,2.5,3.7,8.2,9.8,9.5,1483.17
9.3,3.7,2.6,10.7,9.8,9.0,1938.4
8.5,2.9,3.4,11.0,10.2,9.1,1959.12
5.7,2.0,2.8,10.6,11.3,9.1,1509.198
5.3,3.0,2.7,9.3,8.2,10.1,1299.526
7.2,3.4,3.4,9.5,8.2,11.9,1859.33
6.0,3.5,3.1,8.1,10.9,11.9,1801.651
5.7,3.4,3.1,10.2,9.7,9.8,1670.392
5.9,2.7,3.4,11.4,10.9,10.5,1946.35
6.1,2.0,3.7,11.1,11.8,8.5,1664.73
9.9,2.7,3.1,8.1,11.2,11.7,1990.054
9.7,2.3,2.3,10.2,9.6,8.1,1406.282
6.4,3.6,3.5,8.9,11.7,9.5,1895.635
8.8,2.7,4.0,10.7,9.5,8.3,1894.095
5.9,3.9,3.2,11.2,8.9,10.1,1843.088
8.0,3.9,3.0,11.7,9.3,10.3,2156.743
8.1,2.2,2.3,9.0,9.0,8.7,1214.56
7.1,2.2,2.3,11.4,8.7,9.8,1431.224
5.4,3.6,2.5,10.6,11.3,9.7,1747.866
6.0,2.3,2.9,10.4,10.6,10.3,1635.672
6.2,2.0,2.3,9.8,11.9,10.3,1586.386
9.9,3.7,4.0,9.2,10.8,9.7,2528.992
9.4,3.2,2.8,11.8,11.4,10.0,2287.44
7.1,2.8,2.8,9.2,8.7,11.3,1561.092
5.6,3.2,2.3,11.5,8.9,8.5,1382.135
5.1,3.8,3.6,9.3,11.5,10.0,1867.18
6.1,3.1,2.1,10.8,9.1,9.5,1430.77
9.3,3.2,3.9,8.9,8.0,11.4,2072.32
8.0,2.3,2.5,11.8,10.3,10.2,1799.708
8.9,3.8,2.8,11.3,11.5,11.8,2580.37
7.4,3.8,3.6,9.9,10.9,8.5,2029.555
8.7,2.8,3.7,9.4,11.2,9.2,1969.896
7.5,2.8,4.0,9.0,11.4,11.2,2089.12
9.7,3.4,3.0,11.8,8.2,11.6,2211.816
8.7,2.4,2.6,11.5,8.4,9.1,1521.94
5.8,2.4,2.3,9.4,11.5,10.4,1544.4
5.8,2.2,4.0,9.0,9.1,8.7,1322.93
6.4,3.9,2.7,9.7,9.3,10.4,1712.104
7.6,2.5,2.2,10.2,10.2,8.2,1371.128
6.7,2.8,3.0,9.3,10.7,11.2,1777.312
5.6,2.8,3.3,10.4,11.5,11.5,1992.84
7.7,3.8,3.6,8.6,8.0,9.5,1806.96
6.8,2.1,3.6,10.1,11.9,11.3,1972.227
9.0,2.8,3.9,10.9,8.4,10.2,2016.712
6.1,3.3,2.8,8.2,11.6,11.7,1776.544
8.2,2.4,2.8,10.8,8.5,8.8,1458.88
5.5,3.9,3.5,8.5,8.9,10.6,1652.64
9.9,2.4,3.7,9.7,11.4,8.0,1863.76
7.6,2.8,3.6,11.8,8.4,11.0,1956.4
6.8,3.8,3.7,12.0,10.0,10.0,2256.08
6.1,2.1,3.8,8.4,9.7,8.4,1271.212
5.2,2.7,2.2,9.1,12.0,9.0,1391.68
8.9,3.6,2.1,9.6,8.6,9.3,1540.648
5.7,2.3,3.4,8.2,9.9,10.2,1373.776
7.1,2.5,3.2,8.4,8.7,9.2,1340.336
7.2,2.4,3.3,9.0,9.9,11.2,1668.16
8.3,3.2,3.7,9.6,9.7,9.6,1976.672
5.7,3.2,3.0,11.2,10.4,9.4,1742.112
9.3,2.6,2.6,11.5,11.9,8.8,1932.96
6.1,3.2,2.0,11.3,9.7,10.9,1685.149
5.1,3.6,3.1,8.1,8.2,9.6,1306.792
8.1,2.9,3.3,11.6,9.5,9.7,1944.11
9.0,2.1,2.7,8.2,10.6,10.7,1540.344
8.3,3.2,3.5,8.1,10.5,10.5,1922.625
9.2,3.5,2.1,10.4,9.6,9.1,1684.744
5.5,2.2,2.3,9.0,9.9,10.4,1304.94
6.3,2.4,3.0,10.0,8.3,8.9,1292.3
7.0,3.9,2.9,9.0,11.5,12.0,2133.7
5.8,3.7,3.0,9.0,11.2,10.2,1771.96
7.8,3.4,2.8,10.8,11.0,11.2,2173.12
5.2,2.6,3.2,10.7,10.4,11.2,1778.976
6.7,3.3,3.1,11.4,9.2,10.1,1844.698
6.2,3.8,3.9,9.2,11.5,9.7,2045.1
6.5,2.8,3.5,11.9,11.3,11.4,2269.958
6.5,2.4,2.5,11.8,8.7,8.9,1403.674
9.0,3.7,2.5,10.1,9.5,11.5,2035.925
7.9,3.0,3.4,11.9,10.6,11.2,2318.568
9.1,2.5,2.8,8.8,10.4,11.1,1752.872
7.1,2.7,2.9,10.9,8.2,11.7,1701.676
8.3,3.1,2.0,8.3,8.6,10.5,1364.09
7.8,2.3,3.7,9.3,8.6,9.2,1499.596
8.8,3.0,3.3,9.1,10.5,9.0,1831.15
5.1,3.4,2.9,9.2,10.1,9.5,1485.6
9.0,3.9,3.3,8.2,10.6,8.0,1953.66
7.0,2.2,3.7,8.1,10.7,9.8,1519.166
7.5,2.5,2.8,9.7,9.8,10.0,1575.6
9.2,3.3,3.7,10.1,10.1,10.5,2294.425
8.6,3.5,3.1,9.6,9.1,10.9,1985.324
5.3,3.9,4.0,11.6,11.5,11.8,2500.92
8.0,3.7,2.4,9.8,8.1,9.4,1556.572
7.2,2.3,3.4,8.7,8.6,11.0,1486.06
9.6,3.9,3.7,8.8,10.4,10.1,2409.632
5.3,2.5,3.1,11.4,11.0,11.2,1915.23
7.3,3.9,3.2,9.1,9.3,9.5,1815.025
5.7,3.3,3.1,11.3,8.4,8.6,1499.422
6.7,2.4,2.5,9.4,9.4,10.0,1385.6
8.7,3.0,3.8,8.3,10.6,10.6,2024.388
9.7,3.2,3.4,9.8,8.3,8.4,1838.616
7.3,3.3,2.8,8.7,11.5,11.8,1955.11
6.7,2.6,2.3,11.9,10.3,10.2,1750.874
6.6,3.6,2.4,10.7,10.7,11.7,2009.773
9.2,2.9,3.4,10.0,8.5,10.2,1874.12
8.6,3.9,3.1,9.1,10.1,10.8,2132.368
6.4,2.3,2.4,9.2,8.8,9.2,1198.112
5.2,2.9,3.4,8.0,8.7,8.4,1197.36
7.1,3.7,2.5,9.6,9.4,8.6,1532.814
5.5,2.4,2.1,9.6,11.0,9.1,1338.16
9.9,3.0,3.5,10.3,10.3,11.1,2317.099
8.9,2.4,2.3,8.7,8.9,8.3,1233.949
6.2,2.8,3.3,8.1,10.5,10.8,1591.42
9.5,3.3,3.1,9.2,9.5,10.5,1989.55
9.0,2.7,3.3,9.5,10.5,8.2,1719.85
5.5,3.3,3.7,9.2,11.0,11.1,1894.87
5.3,3.3,2.9,8.8,8.8,11.3,1482.282
8.4,2.8,2.9,8.6,12.0,10.1,1824.4
5.4,2.8,3.8,9.3,10.9,8.3,1515.931
8.8,3.2,2.9,8.8,10.0,11.2,1902.24
5.3,2.5,2.6,9.2,10.7,11.7,1596.248
8.0,3.3,3.0,9.9,10.9,10.7,2046.637
6.8,3.0,2.1,9.2,11.0,11.9,1732.68
7.3,2.9,2.3,10.8,11.6,8.3,1626.734
8.2,2.4,2.3,10.7,9.1,8.3,1360.811
8.6,3.7,3.2,11.1,10.8,10.2,2341.016
7.3,3.1,2.6,8.0,10.6,11.6,1672.06
6.8,2.9,3.4,8.1,9.0,11.1,1579.67
8.3,2.1,2.8,10.4,8.5,11.8,1631.16
5.9,3.2,2.1,9.0,8.6,11.0,1347.88
9.9,3.8,2.4,10.6,11.6,10.6,2306.256
5.3,2.9,2.7,10.6,8.2,10.6,1436.342
5.2,2.1,2.5,11.5,11.1,9.1,1534.615
5.0,2.5,3.9,10.2,8.3,10.9,1510.294
8.1,3.7,4.0,11.4,10.7,11.5,2701.57
8.1,2.4,3.0,9.2,9.0,8.7,1403.56
5.3,2.6,3.8,10.0,10.1,8.4,1472.04
9.8,2.2,3.9,8.7,8.2,11.8,1782.652
5.2,2.5,3.3,10.3,10.9,9.3,1573.111
8.8,2.1,2.1,8.9,11.3,8.4,1332.868
8.7,3.9,3.9,8.4,9.0,8.2,2043.19
8.8,2.8,2.5,11.6,10.4,11.9,2151.616
8.4,2.2,2.3,8.5,9.4,11.2,1419.92
9.6,2.1,2.8,11.8,11.2,9.1,1867.136
9.5,2.3,2.7,8.8,9.7,10.1,1552.086
5.4,2.4,3.2,11.4,8.4,11.8,1644.688
7.5,3.5,2.1,9.4,9.8,10.3,1600.086
9.8,3.0,3.8,11.9,11.6,9.4,2514.776
9.3,2.6,3.4,10.8,10.4,11.6,2225.032
9.0,3.6,2.8,11.5,10.9,9.3,2172.955
7.1,2.5,3.7,9.5,9.5,9.6,1623.15
7.8,2.6,3.6,10.7,11.2,8.3,1824.752
6.9,2.4,2.4,9.3,11.4,9.5,1504.63
5.3,3.7,3.6,10.2,8.2,8.6,1525.264
6.8,2.8,2.6,11.1,11.9,9.7,1876.313
5.9,2.9,2.3,9.9,9.6,11.9,1624.506
6.8,2.2,3.9,10.8,10.8,9.3,1768.192
6.0,3.4,2.6,10.5,8.4,9.8,1494.76
8.2,3.1,3.3,8.9,9.8,8.3,1662.786
5.4,2.4,3.3,11.2,10.4,9.4,1622.592
5.0,3.4,3.7,8.0,10.5,9.4,1518.6
7.1,3.5,2.9,10.2,10.8,10.6,1988.346
7.4,3.1,3.3,8.1,8.1,9.9,1506.559
8.5,3.9,3.1,10.7,11.7,8.4,2179.246
5.6,3.0,3.1,9.2,9.5,11.5,1625.9
7.7,3.1,3.9,10.4,9.8,8.7,1917.634
6.0,3.0,2.1,10.0,11.5,9.6,1582.0
9.2,3.5,3.6,9.4,10.4,10.6,2295.456
5.5,2.3,3.3,10.9,8.2,9.9,1402.312
7.4,2.8,3.5,11.9,8.1,11.7,1952.963
8.7,2.8,2.5,10.4,10.1,11.8,1948.472
9.9,3.6,3.8,10.8,11.1,10.1,2665.108
8.5,2.9,3.8,11.7,12.0,9.0,2300.3
6.1,3.2,2.7,9.6,11.1,10.7,1767.232
9.3,3.6,3.0,8.4,9.7,11.2,2016.976
6.8,3.7,2.8,11.3,11.0,10.7,2134.49
5.0,3.9,2.7,8.4,8.1,11.4,1402.156
7.1,3.2,4.0,11.7,10.5,10.9,2347.865
8.2,2.8,2.2,8.8,9.2,8.9,1325.664
9.7,2.4,2.5,10.8,11.9,10.6,2044.312
6.5,3.6,2.3,10.6,10.0,11.0,1804.2
7.4,3.2,2.0,11.4,10.9,8.8,1667.088
9.7,4.0,3.3,11.3,12.0,9.2,2627.92
5.9,2.6,3.9,9.2,9.8,11.4,1726.084
5.9,2.9,2.5,9.7,11.8,9.7,1638.012
5.3,3.8,3.7,9.4,8.2,10.0,1615.98
8.2,2.9,2.1,8.4,11.0,10.1,1532.62
8.2,2.6,2.9,9.4,10.6,9.8,1694.752
5.6,3.4,3.9,9.6,8.1,10.2,1635.712
8.2,2.7,3.8,11.8,9.9,10.0,2109.52
7.1,3.4,2.1,9.2,11.2,8.8,1513.692
7.7,2.4,2.2,9.6,10.2,9.0,1387.84
6.7,2.9,3.5,8.6,10.4,10.4,1710.226
9.9,3.2,2.8,9.9,10.5,10.1,2036.935
8.4,2.6,2.5,11.9,11.8,11.0,2190.62
9.9,4.0,2.5,9.4,11.7,10.9,2288.782
5.7,3.6,2.4,8.8,10.5,8.8,1405.6
6.9,2.3,3.4,10.5,11.6,8.4,1662.7
9.9,2.6,2.1,9.4,11.8,9.2,1661.004
7.5,2.6,3.4,9.5,11.7,8.4,1696.66
8.1,4.0,2.7,10.1,11.1,8.6,1938.946
7.4,3.7,3.8,10.1,11.2,10.1,2282.952
8.4,3.6,2.2,8.4,8.2,11.6,1564.288
6.1,3.0,2.7,9.6,9.4,11.5,1631.86
5.5,3.5,3.0,10.3,9.9,11.1,1809.367
7.7,2.8,2.8,9.7,10.2,9.0,1594.14
9.9,3.7,2.7,10.1,10.6,10.0,2159.61
5.9,3.3,3.3,10.3,10.1,9.9,1772.407
9.9,2.2,3.8,8.0,11.0,9.8,1790.04
7.7,2.1,3.9,8.7,11.3,12.0,1910.35
9.4,3.3,2.3,10.4,10.7,11.7,2115.436
8.4,2.3,2.1,11.2,9.4,9.3,1484.824
6.7,3.8,3.7,11.2,9.9,11.9,2361.492
7.9,3.8,3.9,10.4,10.4,11.9,2557.884
5.2,3.1,2.2,11.3,11.7,10.2,1803.182
6.5,3.8,2.2,11.2,8.2,11.1,1662.824
8.8,3.6,3.3,8.7,11.3,8.9,2020.399
9.1,3.3,3.7,10.2,8.1,11.7,2177.764
7.8,2.9,2.9,10.3,11.1,9.3,1819.249
7.1,2.4,3.0,11.1,8.2,11.4,1648.828
5.8,2.3,2.4,11.0,10.7,11.4,1761.94
5.9,3.8,2.3,8.6,9.7,9.3,1391.466
8.8,3.4,2.1,8.4,10.1,8.4,1440.976
7.8,3.4,3.2,8.0,11.7,9.0,1791.04
7.3,3.0,4.0,9.2,10.6,11.4,2087.728
7.8,2.4,2.6,8.5,10.9,10.0,1513.22
6.6,3.8,2.4,8.5,10.5,9.6,1558.72
6.9,3.2,3.2,8.1,8.4,8.2,1364.488
5.2,2.4,3.8,8.3,8.8,10.3,1326.552
6.9,3.3,2.4,10.8,8.3,9.4,1489.096
7.1,3.2,2.0,8.1,8.5,10.4,1270.44
7.2,3.4,2.9,8.0,9.0,11.7,1652.32
9.2,3.5,2.6,10.9,9.1,8.1,1740.639
7.0,3.4,2.5,12.0,9.3,10.5,1866.8
5.5,2.2,3.6,10.4,8.4,9.6,1374.256
8.1,3.6,2.9,9.8,11.5,10.4,2117.72
8.9,3.1,3.4,11.2,11.3,8.7,2139.132
8.5,3.4,2.9,9.2,8.8,11.8,1893.428
8.4,3.8,3.3,9.2,11.1,11.5,2327.74
9.1,3.1,3.0,11.3,10.8,8.3,1959.232
8.8,3.6,3.0,8.9,9.8,10.0,1922.6
9.1,3.0,3.7,9.7,8.7,9.6,1920.244
9.0,3.2,3.8,10.8,10.8,11.7,2559.088
8.6,3.1,3.7,11.7,11.7,8.9,2304.741
7.5,3.3,2.1,9.7,10.4,11.4,1769.782
5.2,2.6,2.6,8.7,9.3,12.0,1422.44
7.5,2.1,3.6,11.9,11.7,10.4,2114.992
7.0,3.6,3.1,8.7,10.7,9.9,1802.791
8.5,2.4,2.6,9.2,9.2,10.8,1544.512
6.8,3.3,2.0,8.1,9.9,11.7,1487.023
5.2,2.2,4.0,9.2,8.3,8.3,1191.388
5.4,2.4,3.2,8.1,11.4,11.8,1604.332
6.7,3.7,3.2,8.1,11.3,11.9,1982.487
8.7,3.5,2.8,11.4,8.1,9.4,1820.596
9.1,2.3,2.4,8.2,8.1,11.5,1366.15
8.9,3.1,3.7,8.6,11.9,10.9,2236.336
9.1,2.5,2.0,10.4,11.0,11.7,1893.48
5.7,2.4,3.2,11.3,9.2,9.6,1535.776
8.5,2.2,3.0,9.1,8.1,9.5,1361.245
6.5,3.8,3.1,8.9,9.2,10.1,1692.688
9.9,2.5,2.8,8.4,8.3,8.8,1406.536
8.2,3.4,3.6,11.3,9.1,9.5,2080.565
9.7,3.0,3.3,10.8,11.7,9.6,2273.356
8.9,2.9,2.7,10.9,10.5,9.2,1849.81
7.9,2.2,3.8,8.1,8.3,10.8,1486.524
8.9,3.9,2.8,11.8,10.0,8.4,2063.08
6.5,3.0,3.8,8.2,10.2,10.2,1694.128
9.3,2.7,2.9,10.7,8.9,10.5,1828.105
7.2,2.5,2.5,10.4,10.7,9.1,1562.648
6.9,3.9,2.7,10.4,9.8,9.7,1815.194
6.2,2.7,3.7,9.8,12.0,11.8,2107.06
6.3,2.3,3.4,8.1,8.8,9.2,1248.436
6.2,2.9,3.9,9.9,9.3,8.7,1602.229
7.5,2.0,2.4,10.2,11.5,9.5,1574.35
6.7,2.6,3.7,10.1,11.6,10.7,1998.152
6.3,2.8,2.2,8.2,11.7,10.3,1476.262
9.1,2.5,3.1,10.2,8.5,11.3,1784.96
9.7,3.8,2.3,10.3,11.8,12.0,2406.26
7.5,3.8,3.7,11.5,10.7,11.7,2594.185
8.4,2.2,2.4,8.9,8.6,10.1,1316.574
6.5,2.6,2.7,8.5,9.9,11.6,1532.44
7.6,3.5,2.8,12.0,9.4,9.2,1882.56
8.4,3.4,2.8,9.6,8.8,10.5,1786.72
6.3,3.0,2.1,9.9,11.5,9.7,1601.245
8.0,2.3,2.0,9.0,8.7,11.3,1352.79
6.4,3.9,3.4,11.4,8.4,9.6,1867.936
6.7,2.4,3.8,11.1,8.7,10.4,1715.368
9.1,2.8,3.6,10.1,10.9,11.3,2261.297
5.5,3.6,2.9,11.4,8.5,9.2,1565.68
7.7,3.3,2.7,10.7,11.7,9.3,1950.337
5.3,2.7,2.0,8.6,10.7,9.1,1223.582
5.6,3.8,2.3,9.4,10.0,11.5,1670.44
8.8,3.2,4.0,10.1,8.8,10.0,2115.2
6.9,2.8,3.0,11.3,10.2,10.8,1924.408
9.7,2.2,3.5,11.2,10.5,10.9,2128.74
6.6,2.2,2.3,11.3,10.0,8.7,1417.06
7.3,3.1,3.0,8.1,8.7,10.4,1511.788
6.7,3.6,2.6,11.2,10.3,9.3,1799.968
6.5,2.8,2.1,11.1,11.7,10.6,1858.822
7.9,3.6,2.2,11.0,10.7,8.6,1737.9
7.8,3.6,2.5,8.3,8.4,9.2,1443.424
6.9,3.7,3.0,11.1,8.9,10.8,1932.832
9.9,2.8,3.7,8.2,8.3,8.2,1683.732
9.3,3.7,3.5,11.5,9.2,11.1,2478.73
9.4,3.2,3.6,11.3,10.6,11.2,2524.416
9.5,2.4,2.4,10.5,11.5,11.3,2011.675
9.1,2.3,2.5,11.7,10.9,10.9,2013.327
9.2,3.4,2.6,11.5,9.3,11.8,2175.29
8.2,2.4,3.7,11.2,11.5,10.6,2193.44
5.7,2.1,2.3,10.1,9.9,10.3,1405.207
7.2,3.4,3.1,10.6,11.4,8.3,1861.852
9.2,2.5,3.9,9.8,9.7,11.9,2128.214
7.8,2.1,3.8,9.1,9.6,8.6,1473.736
10.0,3.3,3.8,10.5,11.5,11.5,2742.625
9.8,3.5,3.9,10.7,11.0,11.7,2814.79
9.7,4.0,2.0,10.3,11.8,10.6,2164.324
6.0,2.3,2.7,10.1,9.6,9.5,1393.72
5.4,3.3,2.8,10.0,8.2,12.0,1582.96
6.5,3.4,3.6,8.7,9.5,9.4,1672.51
5.9,3.3,3.5,10.6,10.9,8.4,1751.986
7.1,3.0,3.9,9.8,10.2,10.1,1940.296
5.9,2.0,3.8,11.7,8.1,8.6,1363.422
9.4,3.1,2.2,10.1,11.2,9.0,1759.16
7.1,3.5,2.8,8.0,9.1,10.2,1538.36
8.4,2.8,2.6,10.8,11.9,11.5,2189.5
7.5,2.3,3.3,8.8,8.9,10.5,1491.61
6.1,3.4,3.0,9.7,11.2,9.8,1786.872
8.6,3.2,3.5,11.6,8.9,10.7,2167.868
5.0,2.4,3.5,9.2,8.9,10.2,1355.176
9.4,3.1,2.4,9.2,8.5,9.3,1526.62
5.3,3.3,3.1,8.4,8.2,8.6,1234.558
9.3,3.9,2.6,9.8,8.8,10.9,1983.036
7.5,2.0,2.5,8.0,9.8,11.5,1376.6
9.4,3.2,3.9,11.6,10.0,9.6,2386.72
6.6,2.3,3.1,9.9,8.0,8.1,1212.1
6.1,2.5,2.9,11.6,11.7,9.1,1777.302
8.4,3.1,3.8,9.2,9.8,10.4,2027.184
7.1,2.8,2.4,11.0,11.3,10.6,1894.7
7.8,3.8,3.7,8.1,10.7,8.1,1898.707
7.0,2.4,2.4,9.7,8.2,10.9,1370.186
7.5,3.7,2.5,11.9,11.9,9.5,2139.045
5.8,2.3,2.1,8.2,11.5,9.5,1275.99
7.3,2.9,3.6,9.6,9.4,10.7,1827.688
6.9,3.3,2.9,10.3,9.6,9.0,1650.25
9.7,3.2,3.3,9.1,10.5,10.2,2098.93
7.9,3.1,2.5,10.6,8.3,9.2,1521.666
6.5,2.9,2.0,8.8,11.4,11.2,1600.584
5.1,3.2,3.0,8.4,11.0,9.4,1458.16
6.9,2.7,3.2,11.3,11.4,9.3,1894.186
9.5,2.1,3.2,10.8,11.8,9.7,1974.568
7.1,3.3,2.7,11.9,9.4,8.6,1694.606
6.7,2.5,4.0,11.6,10.9,9.1,1920.604
6.4,2.3,3.2,8.9,8.4,11.6,1438.256
6.3,3.3,2.3,9.1,8.6,9.1,1290.336
5.0,2.7,3.9,10.5,11.8,9.8,1840.72
5.3,2.3,3.0,8.9,8.4,9.1,1146.016
7.3,2.8,3.5,11.8,10.2,8.4,1826.424
5.6,2.8,2.2,10.2,10.8,9.2,1458.432
7.6,4.0,2.3,11.7,9.7,11.5,2104.335
6.9,3.8,3.8,11.3,9.3,9.0,2042.17
5.5,3.6,2.8,9.9,8.4,8.3,1344.628
9.2,3.1,2.3,8.8,9.4,9.1,1508.712
